{
    "Accuracy": 0.7578199052132701,
    "Precision": 0.535593220338983,
    "Recall": 0.8257839721254355,
    "F1_Score": 0.6497601096641535,
    "ROC Score": 0.7791029235627178,
    "Confusion Matrix": [
        [
            1125,
            411
        ],
        [
            100,
            474
        ]
    ]
}